{
    "go": {
        "MIN": 3421,
        "Q1": 3503.25,
        "MED": 3542.0,
        "Q3": 3596.75,
        "MAX": 19146,
        "IQR": 93.5,
        "OUTLIERS": [
            19146,
            4284
        ],
        "RANGE": 15725,
        "MEAN": 3713.79,
        "STDEV": 1561.7265134873298
    },
    "js": {
        "MIN": 4936,
        "Q1": 4952.75,
        "MED": 4964.5,
        "Q3": 4992.5,
        "MAX": 5499,
        "IQR": 39.75,
        "OUTLIERS": [
            5092,
            5168,
            5320,
            5167,
            5497,
            5365,
            5499,
            5461,
            5330,
            5273
        ],
        "RANGE": 563,
        "MEAN": 5001.83,
        "STDEV": 115.91272012539731
    }
}